{
  "model/models.js": 1729070794000,
  "i18n/i18n.properties": 1730807467405,
  "controller/SecurityGateInMaterial.controller.js": 1730799052000,
  "controller/SecurityGateIn.controller.js": 1730802124000,
  "controller/MaterialInventoryRecord.controller.js": 1730801182000,
  "controller/InventoryMain.controller.js": 1729667484000,
  "controller/InventoryDashboard.controller.js": 1730795316000,
  "controller/InspectionTable.controller.js": 1730802174000,
  "controller/Inspection.controller.js": 1730784538000,
  "controller/App.controller.js": 1730117398000,
  "manifest.json": 1730807692541,
  "Component.js": 1730806605934,
  "controller/InventoryMain-dbg.controller.js": 1729667484000,
  "controller/InventoryMain.controller.js.map": 1730807692733,
  "controller/SecurityGateInMaterial-dbg.controller.js": 1730799052000,
  "controller/SecurityGateInMaterial.controller.js.map": 1730807692828,
  "controller/SecurityGateIn-dbg.controller.js": 1730802124000,
  "controller/SecurityGateIn.controller.js.map": 1730807692750,
  "controller/MaterialInventoryRecord-dbg.controller.js": 1730801182000,
  "controller/MaterialInventoryRecord.controller.js.map": 1730807692824,
  "model/models-dbg.js": 1729070794000,
  "model/models.js.map": 1730807692735,
  "controller/InventoryDashboard-dbg.controller.js": 1730795316000,
  "controller/InventoryDashboard.controller.js.map": 1730807692809,
  "controller/InspectionTable-dbg.controller.js": 1730802174000,
  "controller/InspectionTable.controller.js.map": 1730807692838,
  "controller/Inspection-dbg.controller.js": 1730784538000,
  "controller/Inspection.controller.js.map": 1730807692830,
  "controller/App-dbg.controller.js": 1730117398000,
  "controller/App.controller.js.map": 1730807692829,
  "Component-dbg.js": 1730806605934,
  "Component.js.map": 1730807692830,
  "Component-preload.js": 1730807693018,
  "Component-preload.js.map": 1730807693018,
  "view/SecurityGateInMaterial.view.xml": 1730799422000,
  "view/SecurityGateIn.view.xml": 1730799300000,
  "view/MaterialInventoryRecord.view.xml": 1730799480000,
  "view/InventoryMain.view.xml": 1730801344000,
  "view/InventoryDashboard.view.xml": 1730801690000,
  "view/InspectionTable.view.xml": 1730799252000,
  "view/Inspection.view.xml": 1730791036000,
  "view/App.view.xml": 1729070794000,
  "fragments/subComponent.fragment.xml": 1730702698000,
  "fragments/SubcomponentValueHelp.fragment.xml": 1729070794000,
  "fragments/SubComponent.fragment.xml": 1729664380000,
  "fragments/SecurityValueHelp.fragment.xml": 1730790124000,
  "fragments/QuantityDialog.fragment.xml": 1730107498000,
  "fragments/MaterialValueHelp.fragment.xml": 1729666734000,
  "fragments/GateInSubMaterial.fragment.xml": 1730182300000,
  "fragments/CategoryValueHelp.fragment.xml": 1729070794000,
  "fragments/AddSubComponent.fragment.xml": 1730799930000,
  "css/style.css": 1730186020000,
  "index.html": 1729070794000
}