{
  "fragments/addStorageLocation.fragment.xml": 1730187538000,
  "controller/StorageLocation3.controller.js": 1729746372000,
  "model/models.js": 1729070794000,
  "controller/StorageLocation.controller.js": 1729685906000,
  "controller/MaterialStatus.controller.js": 1729664380000,
  "controller/MaterialGroup.controller.js": 1730178326000,
  "controller/ConfigDashboard.controller.js": 1729070794000,
  "controller/App.controller.js": 1730182020000,
  "manifest.json": 1730807695141,
  "Component.js": 1730806521358,
  "controller/App-dbg.controller.js": 1730182020000,
  "controller/App.controller.js.map": 1730807695365,
  "model/models-dbg.js": 1729070794000,
  "model/models.js.map": 1730807695358,
  "controller/StorageLocation-dbg.controller.js": 1729685906000,
  "controller/StorageLocation.controller.js.map": 1730807695425,
  "controller/MaterialStatus-dbg.controller.js": 1729664380000,
  "controller/MaterialStatus.controller.js.map": 1730807695443,
  "controller/MaterialGroup-dbg.controller.js": 1730178326000,
  "controller/MaterialGroup.controller.js.map": 1730807695434,
  "controller/ConfigDashboard-dbg.controller.js": 1729070794000,
  "controller/ConfigDashboard.controller.js.map": 1730807695406,
  "controller/StorageLocation3-dbg.controller.js": 1729746372000,
  "controller/StorageLocation3.controller.js.map": 1730807695435,
  "Component-dbg.js": 1730806521358,
  "Component.js.map": 1730807695428,
  "Component-preload.js": 1730807695559,
  "Component-preload.js.map": 1730807695559,
  "view/StorageLocation5.view.xml": 1729147580000,
  "view/StorageLocation.view.xml": 1730186790000,
  "view/MaterialStatus.view.xml": 1730186776000,
  "view/MaterialGroup.view.xml": 1730798902000,
  "view/ConfigDashboard.view.xml": 1730798574000,
  "view/App.view.xml": 1729070794000,
  "fragments/updateMaterialGroup.fragment.xml": 1730187454000,
  "fragments/updateLocation.fragment.xml": 1730187084000,
  "fragments/locationValueHelp.fragment.xml": 1730178152000,
  "fragments/createMaterialGroup.fragment.xml": 1730187246000,
  "i18n/i18n.properties": 1730807216984,
  "fragments/UpdateMaterialStatus.fragment.xml": 1730187076000,
  "fragments/AddMaterialStatus.fragment.xml": 1730187034000,
  "css/style.css": 1730186076000,
  "index.html": 1729070794000
}